<?xml version="1.0" encoding="utf-8" standalone="yes" ?>
<rss version="2.0" xmlns:atom="http://www.w3.org/2005/Atom">
  <channel>
    <title>Programa oficial on Análisis de datos con R</title>
    <link>/about/</link>
    <description>Recent content in Programa oficial on Análisis de datos con R</description>
    <generator>Hugo -- gohugo.io</generator>
    <language>en-us</language>
    <copyright>&amp;copy;Carlos Neftaly Lozano - databased</copyright>
    <lastBuildDate>Sat, 05 Nov 2016 21:05:33 +0530</lastBuildDate>
    
	<atom:link href="/about/index.xml" rel="self" type="application/rss+xml" />
    
    
  </channel>
</rss>