<?xml version="1.0" encoding="utf-8" standalone="yes" ?>
<rss version="2.0" xmlns:atom="http://www.w3.org/2005/Atom">
  <channel>
    <title>Análisis de datos con R</title>
    <link>/</link>
    <description>Recent content on Análisis de datos con R</description>
    <generator>Hugo -- gohugo.io</generator>
    <language>en-us</language>
    <copyright>&amp;copy;Carlos Neftaly Lozano - databased</copyright>
    <lastBuildDate>Sat, 05 Nov 2016 19:41:01 +0530</lastBuildDate>
    
	<atom:link href="/index.xml" rel="self" type="application/rss+xml" />
    
    
    <item>
      <title>S1: Trabajo básico con R – Parte 1</title>
      <link>/portfolio/work2/</link>
      <pubDate>Sat, 05 Nov 2016 19:41:01 +0530</pubDate>
      
      <guid>/portfolio/work2/</guid>
      <description>&lt;p&gt;En esta sesión te introduceremos de forma óptima al manejo básico de &lt;em&gt;R&lt;/em&gt;.
&lt;/p&gt;</description>
    </item>
    
    <item>
      <title>S2: Trabajo básico con R – Parte 2</title>
      <link>/portfolio/work3/</link>
      <pubDate>Sat, 05 Nov 2016 19:44:32 +0530</pubDate>
      
      <guid>/portfolio/work3/</guid>
      <description>&lt;p&gt;En esta sesión continuaremos nuestro aprendizaje sobre el manejo básico de &lt;em&gt;R&lt;/em&gt;.
&lt;/p&gt;</description>
    </item>
    
    <item>
      <title>S3: Análisis de varianza en R – Parte 1</title>
      <link>/portfolio/work4/</link>
      <pubDate>Sat, 05 Nov 2016 19:44:32 +0530</pubDate>
      
      <guid>/portfolio/work4/</guid>
      <description>&lt;p&gt;En esta sesión nos centraremos en los principios de la inferencia estadística. Además te mostraremos cual es el camino para la búsqueda de los efectos.&lt;/p&gt;

&lt;p&gt;&lt;/p&gt;</description>
    </item>
    
    <item>
      <title>S4: Análisis de varianza en R – Parte 2</title>
      <link>/portfolio/work5/</link>
      <pubDate>Sat, 05 Nov 2016 19:44:32 +0530</pubDate>
      
      <guid>/portfolio/work5/</guid>
      <description>&lt;p&gt;Aquí veremos los diseños más frecuentemente usados en ciencias. Usos, aplicaciones y limitaciones.&lt;/p&gt;

&lt;p&gt;&lt;/p&gt;</description>
    </item>
    
    <item>
      <title>S5: Alternativas frecuentes al análisis de varianza</title>
      <link>/portfolio/work6/</link>
      <pubDate>Sat, 05 Nov 2016 19:56:17 +0530</pubDate>
      
      <guid>/portfolio/work6/</guid>
      <description>&lt;p&gt;Más allá de la normalidad hay vida&amp;hellip;. Veremos algunos métodos para afrontar violación de supuestos.
&lt;/p&gt;</description>
    </item>
    
    <item>
      <title>S6: Producción gráfica</title>
      <link>/portfolio/work7/</link>
      <pubDate>Sat, 05 Nov 2016 19:57:40 +0530</pubDate>
      
      <guid>/portfolio/work7/</guid>
      <description>&lt;p&gt;Vamos a contar historias con tu datos. Herramientas avanzadas para la presentación gráfica de datos.
&lt;/p&gt;</description>
    </item>
    
    <item>
      <title>Hello R Markdown</title>
      <link>/post/2015-07-23-r-rmarkdown/</link>
      <pubDate>Thu, 23 Jul 2015 21:13:14 -0500</pubDate>
      
      <guid>/post/2015-07-23-r-rmarkdown/</guid>
      <description>R MarkdownThis is an R Markdown document. Markdown is a simple formatting syntax for authoring HTML, PDF, and MS Word documents. For more details on using R Markdown see http://rmarkdown.rstudio.com.
You can embed an R code chunk like this:
summary(cars)## speed dist ## Min. : 4.0 Min. : 2.00 ## 1st Qu.:12.0 1st Qu.: 26.00 ## Median :15.0 Median : 36.00 ## Mean :15.4 Mean : 42.98 ## 3rd Qu.</description>
    </item>
    
  </channel>
</rss>