<?xml version="1.0" encoding="utf-8" standalone="yes" ?>
<rss version="2.0" xmlns:atom="http://www.w3.org/2005/Atom">
  <channel>
    <title>Portfolios on Análisis de datos con R</title>
    <link>/portfolio/</link>
    <description>Recent content in Portfolios on Análisis de datos con R</description>
    <generator>Hugo -- gohugo.io</generator>
    <language>en-us</language>
    <copyright>&amp;copy;Carlos Neftaly Lozano - databased</copyright>
    <lastBuildDate>Sat, 05 Nov 2016 19:41:01 +0530</lastBuildDate>
    
	<atom:link href="/portfolio/index.xml" rel="self" type="application/rss+xml" />
    
    
    <item>
      <title>S1: Trabajo básico con R – Parte 1</title>
      <link>/portfolio/work2/</link>
      <pubDate>Sat, 05 Nov 2016 19:41:01 +0530</pubDate>
      
      <guid>/portfolio/work2/</guid>
      <description>&lt;p&gt;En esta sesión te introduceremos de forma óptima al manejo básico de &lt;em&gt;R&lt;/em&gt;.
&lt;/p&gt;</description>
    </item>
    
    <item>
      <title>S2: Trabajo básico con R – Parte 2</title>
      <link>/portfolio/work3/</link>
      <pubDate>Sat, 05 Nov 2016 19:44:32 +0530</pubDate>
      
      <guid>/portfolio/work3/</guid>
      <description>&lt;p&gt;En esta sesión continuaremos nuestro aprendizaje sobre el manejo básico de &lt;em&gt;R&lt;/em&gt;.
&lt;/p&gt;</description>
    </item>
    
    <item>
      <title>S3: Análisis de varianza en R – Parte 1</title>
      <link>/portfolio/work4/</link>
      <pubDate>Sat, 05 Nov 2016 19:44:32 +0530</pubDate>
      
      <guid>/portfolio/work4/</guid>
      <description>&lt;p&gt;En esta sesión nos centraremos en los principios de la inferencia estadística. Además te mostraremos cual es el camino para la búsqueda de los efectos.&lt;/p&gt;

&lt;p&gt;&lt;/p&gt;</description>
    </item>
    
    <item>
      <title>S4: Análisis de varianza en R – Parte 2</title>
      <link>/portfolio/work5/</link>
      <pubDate>Sat, 05 Nov 2016 19:44:32 +0530</pubDate>
      
      <guid>/portfolio/work5/</guid>
      <description>&lt;p&gt;Aquí veremos los diseños más frecuentemente usados en ciencias. Usos, aplicaciones y limitaciones.&lt;/p&gt;

&lt;p&gt;&lt;/p&gt;</description>
    </item>
    
    <item>
      <title>S5: Alternativas frecuentes al análisis de varianza</title>
      <link>/portfolio/work6/</link>
      <pubDate>Sat, 05 Nov 2016 19:56:17 +0530</pubDate>
      
      <guid>/portfolio/work6/</guid>
      <description>&lt;p&gt;Más allá de la normalidad hay vida&amp;hellip;. Veremos algunos métodos para afrontar violación de supuestos.
&lt;/p&gt;</description>
    </item>
    
    <item>
      <title>S6: Producción gráfica</title>
      <link>/portfolio/work7/</link>
      <pubDate>Sat, 05 Nov 2016 19:57:40 +0530</pubDate>
      
      <guid>/portfolio/work7/</guid>
      <description>&lt;p&gt;Vamos a contar historias con tu datos. Herramientas avanzadas para la presentación gráfica de datos.
&lt;/p&gt;</description>
    </item>
    
  </channel>
</rss>