<?xml version="1.0" encoding="utf-8" standalone="yes" ?>
<rss version="2.0" xmlns:atom="http://www.w3.org/2005/Atom">
  <channel>
    <title>Get in touch on Análisis de datos con R</title>
    <link>/contact/</link>
    <description>Recent content in Get in touch on Análisis de datos con R</description>
    <generator>Hugo -- gohugo.io</generator>
    <language>en-us</language>
    <copyright>&amp;copy;Carlos Neftaly Lozano - databased</copyright>
    <lastBuildDate>Sun, 06 Nov 2016 13:00:25 +0530</lastBuildDate>
    
	<atom:link href="/contact/index.xml" rel="self" type="application/rss+xml" />
    
    
  </channel>
</rss>